,City,Country,Lat,Lng,Cloudiness,Humidity,Max Temp,Wind Speed,Date,Min Temp
1,palu,ID,-0.9,119.87,20,71,77.46,1.28,1538019444,77.46
2,norman wells,CA,65.28,-126.83,75,91,32,4.7,1538017200,32.0
3,port alfred,ZA,-33.59,26.89,0,94,62.79,13.8,1538019448,62.79
4,qaanaaq,GL,77.48,-69.36,56,100,20.49,8.43,1538019450,20.49
5,albany,US,42.65,-73.75,90,70,62.96,6.93,1538016840,57.92
6,firovo,RU,57.48,33.7,56,91,46.68,23.53,1538019455,46.68
7,kapaa,US,22.08,-159.32,20,91,82.04,10.29,1538016960,80.96
8,thomasville,US,35.88,-80.08,75,100,70.7,5.41,1538018400,68.9
9,kaitangata,NZ,-46.28,169.85,64,87,47.85,12.8,1538019461,47.85
10,rawson,AR,-43.3,-65.11,76,68,42.36,10.56,1538019464,42.36
11,kilindoni,TZ,-7.91,39.67,92,100,76.83,12.8,1538019466,76.83
12,butaritari,KI,3.07,172.79,8,100,83.94,6.98,1538019468,83.94
13,beringovskiy,RU,63.05,179.32,92,96,45.78,25.21,1538019470,45.78
14,jamestown,AU,-33.21,138.6,0,41,67.56,10.33,1538019473,67.56
15,punto fijo,VE,11.69,-70.21,40,83,78.8,16.26,1538017200,78.8
17,kavieng,PG,-2.57,150.8,48,97,86.55,11.79,1538019479,86.55
18,seymchan,RU,62.93,152.39,92,76,38.13,3.96,1538019482,38.13
19,berdigestyakh,RU,62.1,126.7,24,58,53.43,3.74,1538019484,53.43
20,tagusao,PH,9.19,117.81,44,97,80.43,8.77,1538019486,80.43
21,vaini,IN,15.34,74.49,56,95,75.48,3.06,1538019488,75.48
22,ushuaia,AR,-54.81,-68.31,0,59,37.4,2.24,1538017200,37.4
25,riyadh,SA,24.63,46.72,0,16,78.8,2.24,1538017200,78.8
26,oleksandrivka,UA,48.97,32.24,32,87,41.91,14.92,1538019499,41.91
28,broome,GB,52.47,1.45,0,100,51.8,3.36,1538018400,49.64
29,mataura,NZ,-46.19,168.86,80,88,48.39,9.78,1538019506,48.39
30,buzmeyin,TM,38.05,58.21,0,42,66.2,3.06,1538017200,66.2
32,moerai,PF,-22.43,-151.33,80,100,71.88,7.99,1538019513,71.88
33,busselton,AU,-33.64,115.35,44,100,60.09,10.45,1538019515,60.09
34,westport,IE,53.8,-9.52,64,99,54.42,15.48,1538019298,54.42
35,hobart,AU,-42.88,147.33,0,34,66.2,14.99,1538017200,66.2
36,bredasdorp,ZA,-34.53,20.04,56,67,59,3.36,1538017200,59.0
37,tuatapere,NZ,-46.13,167.69,92,100,45.96,7.31,1538019524,45.96
38,saint george,GR,39.45,22.34,75,41,60.8,13.87,1538016600,60.8
39,yelniki,RU,54.62,43.88,88,80,37.05,14.14,1538019528,37.05
40,rikitea,PF,-23.12,-134.97,88,100,70.89,21.52,1538019530,70.89
42,chinsali,ZM,-10.55,32.07,0,63,66.21,10.67,1538019535,66.21
43,hilo,US,19.71,-155.08,75,65,87.08,13.87,1538016960,64.58
44,nikolskoye,RU,59.7,30.79,0,61,48.2,24.61,1538017200,48.2
45,chuy,UY,-33.69,-53.46,92,98,61.44,15.93,1538019541,61.44
46,upernavik,GL,72.79,-56.15,76,100,34.53,20.29,1538019544,34.53
48,lompoc,US,34.64,-120.46,90,86,64.04,5.82,1538017080,55.94
49,narsaq,GL,60.91,-46.05,92,59,37.4,5.82,1538016600,37.4
50,puerto ayora,EC,-0.74,-90.35,44,100,70.26,11.12,1538019436,70.26
51,tasiilaq,GL,65.61,-37.64,12,69,35.6,5.82,1538016600,35.6
52,kruisfontein,ZA,-34,24.73,44,93,54.06,4.63,1538019557,54.06
55,le port,FR,42.87,1.37,0,93,39.93,1.72,1538019516,39.93
56,bluff,AU,-23.58,149.07,0,33,85.74,4.74,1538019566,85.74
57,ewa beach,US,21.32,-158.01,90,96,84.02,3.4,1538018100,78.08
58,faanui,PF,-16.48,-151.75,20,100,78.63,14.81,1538019570,78.63
59,asyut,EG,27.18,31.19,0,64,69.8,4.7,1538013600,69.8
60,koppies,ZA,-27.24,27.57,24,39,59.82,2.28,1538019574,59.82
61,swan hill,AU,-35.34,143.56,0,45,75.21,14.7,1538019577,75.21
62,altay,CN,47.83,88.13,0,56,42.36,2.95,1538019579,42.36
64,adrar,DZ,27.87,-0.29,40,41,77,23.04,1538017200,77.0
65,punta arenas,CL,-53.16,-70.91,0,86,33.8,9.17,1538017200,33.8
66,necochea,AR,-38.55,-58.74,92,81,46.95,10,1538019588,46.95
67,mittagong,AU,-34.45,150.45,0,42,68,9.17,1538013600,68.0
68,hambantota,LK,6.12,81.12,76,100,79.8,9.89,1538019592,79.8
69,kodinsk,RU,58.6,99.18,92,85,44.79,6.2,1538019594,44.79
70,alvaraes,BR,-3.22,-64.8,64,89,77.01,3.06,1538019597,77.01
71,cape town,ZA,-33.93,18.42,75,93,57.2,20.8,1538017200,57.2
72,dikson,RU,73.51,80.55,76,100,37.86,14.92,1538019601,37.86
73,airai,TL,-8.93,125.41,0,38,84.93,1.95,1538019603,84.93
74,alofi,NU,-19.06,-169.92,75,61,78.8,13.87,1538017200,78.8
75,new norfolk,AU,-42.78,147.06,0,34,66.2,14.99,1538017200,66.2
76,luang prabang,LA,19.89,102.14,75,78,82.4,4.7,1538017200,82.4
77,petropavlovsk-kamchatskiy,RU,53.05,158.65,0,36,60.8,22.37,1538017200,60.8
78,menongue,AO,-14.66,17.68,48,91,62.16,2.28,1538019614,62.16
79,saskylakh,RU,71.97,114.09,0,94,29.76,11.23,1538019617,29.76
80,severo-kurilsk,RU,50.68,156.12,0,86,50.91,14.58,1538019619,50.91
81,chuguyevka,RU,44.17,133.87,32,69,59.91,3.18,1538019621,59.91
82,fortuna,ES,38.18,-1.13,20,69,73.4,9.17,1538019000,73.4
83,bethel,US,60.79,-161.76,20,63,53.06,10.29,1538016780,53.06
84,hithadhoo,MV,-0.6,73.08,80,100,81.33,16.82,1538019628,81.33
85,barrow,AR,-38.31,-60.23,88,78,45.69,8.66,1538019631,45.69
86,tuktoyaktuk,CA,69.44,-133.03,75,74,30.2,21.92,1538017200,30.2
87,hualmay,PE,-11.1,-77.61,20,91,55.5,4.74,1538019635,55.5
88,belyy yar,RU,53.6,91.39,40,93,53.6,8.95,1538017200,53.6
89,la ronge,CA,55.1,-105.3,40,100,33.8,9.66,1538017200,33.8
90,hermanus,ZA,-34.42,19.24,20,87,53.43,8.21,1538019641,53.43
92,las palmas,PE,-6.53,-76.35,20,290,62.6,1.95,1538017200,62.6
94,hamilton,BM,32.3,-64.78,40,65,77,11.41,1538016900,77.0
95,santa rosalia,IT,38.07,13.27,20,45,66.2,19.46,1538018400,66.2
96,pincher creek,CA,49.49,-113.95,90,66,51.8,13.87,1538017200,51.8
97,victoria,BN,5.28,115.24,75,83,89.6,3.36,1538017200,84.2
98,zykovo,RU,55.24,40.35,92,100,39.57,27.67,1538019660,39.57
99,iqaluit,CA,63.75,-68.52,40,100,32,12.75,1538017200,32.0
100,rorvik,NO,64.86,11.24,88,100,46.23,14.36,1538019664,46.23
101,kosh-agach,RU,49.99,88.66,0,68,34.98,3.4,1538019666,34.98
102,bilma,NE,18.69,12.92,0,31,70.08,2.95,1538019535,70.08
103,troitskoye,RU,52.98,84.68,92,71,56.85,3.62,1538019671,56.85
104,kalia,BD,23.05,89.63,0,89,87.63,6.76,1538019424,87.63
105,srednekolymsk,RU,67.46,153.71,80,77,35.25,3.4,1538019675,35.25
106,bambous virieux,MU,-20.34,57.76,40,73,73.4,10.29,1538017200,73.4
107,diamantino,BR,-14.4,-56.44,12,86,74.85,1.05,1538019679,74.85
108,tiksi,RU,71.64,128.87,0,92,33.81,10.67,1538019682,33.81
109,tsumeb,NA,-19.25,17.72,8,29,68.73,6.87,1538019684,68.73
110,bandarbeyla,SO,9.49,50.81,8,97,77.46,18.28,1538019519,77.46
111,vestmannaeyjar,IS,63.44,-20.27,44,100,40.83,8.99,1538019520,40.83
112,vanimo,PG,-2.67,141.3,0,100,83.31,8.32,1538019690,83.31
113,sao filipe,CV,14.9,-24.5,80,97,78.45,8.21,1538019693,78.45
114,araouane,ML,18.9,-3.53,0,36,76.56,2.95,1538019695,76.56
116,cidreira,BR,-30.17,-50.22,92,98,67.83,4.97,1538019699,67.83
119,avarua,CK,-21.21,-159.78,90,83,77,5.82,1538017200,77.0
120,leh,IN,34.16,77.58,0,71,13.29,1.5,1538019708,13.29
121,port lincoln,AU,-34.72,135.86,48,92,59.01,11.12,1538019710,59.01
122,novaya zaimka,RU,56.49,66.92,0,57,55.05,13.47,1538019712,55.05
123,caravelas,BR,-17.73,-39.27,56,100,77.19,15.7,1538019522,77.19
124,cabo san lucas,MX,22.89,-109.91,20,78,80.6,3.36,1538016420,80.6
125,port elizabeth,US,39.31,-74.98,75,96,73.04,8.05,1538018760,71.06
127,launceston,AU,-41.43,147.14,40,51,60.8,18.34,1538017200,60.8
128,laela,TZ,-8.57,32.05,0,70,62.07,10.11,1538019725,62.07
129,bergerac,FR,44.85,0.49,0,87,50,4.7,1538019000,50.0
130,camacha,PT,33.08,-16.33,20,77,68,6.93,1538017200,68.0
131,atuona,PF,-9.8,-139.03,0,100,79.26,9.78,1538019546,79.26
132,harper,US,30.3,-99.24,90,80,67.28,11.41,1538018340,62.06
133,pevek,RU,69.7,170.27,64,91,44.61,14.03,1538019736,44.61
134,svelgen,NO,61.77,5.3,75,81,46.4,13.87,1538018400,46.4
135,buala,SB,-8.15,159.59,88,99,79.89,14.92,1538019741,79.89
136,kudahuvadhoo,MV,2.67,72.89,88,100,79.53,17.38,1538019588,79.53
137,glendive,US,47.11,-104.71,90,66,51.98,5.82,1538016960,51.98
138,egvekinot,RU,66.32,-179.17,92,97,42.18,6.53,1538019525,42.18
140,kodiak,US,39.95,-94.76,1,89,48.92,3.36,1538016780,48.92
141,ocos,GT,14.51,-92.19,90,100,77,4.41,1538016540,77.0
142,lebu,ET,8.96,38.73,36,81,50,4.7,1538017200,50.0
143,rey bouba,CM,8.67,14.18,24,93,70.71,2.62,1538019758,70.71
144,sakaraha,MG,-22.91,44.53,0,68,58.47,2.62,1538019760,58.47
145,clyde river,CA,70.47,-68.59,90,73,26.6,4.7,1538017200,26.6
147,cherskiy,RU,68.75,161.3,76,72,37.68,4.85,1538019767,37.68
148,cairns,AU,-16.92,145.77,20,39,82.4,12.75,1538017200,82.4
149,oistins,BB,13.07,-59.53,20,74,82.4,16.11,1538017200,82.4
150,khatanga,RU,71.98,102.47,56,84,32.46,20.4,1538019774,32.46
152,east london,ZA,-33.02,27.91,0,77,60.8,6.93,1538017200,60.8
153,flin flon,CA,54.77,-101.88,64,100,39.57,3.96,1538019616,39.57
154,shimoda,JP,34.7,138.93,75,88,64.4,19.46,1538017200,64.4
155,wahiawa,US,21.5,-158.02,90,96,84.02,3.4,1538018100,78.08
156,nanortalik,GL,60.14,-45.24,92,95,39.3,9.66,1538019786,39.3
157,chumikan,RU,54.72,135.31,0,58,60,10.78,1538019789,60.0
158,ramotswa,BW,-24.87,25.87,0,22,69.8,8.05,1538017200,69.8
159,georgetown,GY,6.8,-58.16,0,94,78.8,4.7,1538017200,78.8
160,mehamn,NO,71.03,27.85,75,86,41,27.51,1538018400,41.0
161,aktyubinskiy,RU,54.81,52.81,56,92,41.91,5.75,1538019798,41.91
162,haines junction,CA,60.75,-137.51,36,60,40.2,1.83,1538019800,40.2
163,huarmey,PE,-10.07,-78.15,0,82,56.58,3.18,1538019803,56.58
164,portland,US,45.52,-122.67,1,51,73.94,6.93,1538016960,69.08
165,sechura,PE,-5.56,-80.82,20,86,68.46,11.12,1538019807,68.46
166,sisimiut,GL,66.94,-53.67,76,100,27.06,2.95,1538019809,27.06
167,erenhot,CN,43.65,111.97,92,61,56.04,18.16,1538019811,56.04
168,husavik,CA,50.56,-96.99,24,100,38.31,2.95,1538019814,38.31
169,mahebourg,MU,-20.41,57.7,40,73,73.4,10.29,1538017200,73.4
170,castro,CL,-42.48,-73.76,92,96,45.15,6.42,1538019818,45.15
171,pinheiro,BR,-2.53,-45.09,20,77,78.45,6.42,1538019821,78.45
172,jacareacanga,BR,-6.22,-57.76,12,95,75.66,2.06,1538019823,75.66
173,carutapera,BR,-1.2,-46.02,88,84,79.44,10.89,1538019825,79.44
174,port augusta,AU,-32.49,137.76,0,59,62.6,10.29,1538017200,62.6
175,hasaki,JP,35.73,140.83,75,88,66.2,13.87,1538017200,62.6
177,lagoa,PT,37.14,-8.45,0,73,77,16.11,1538017200,77.0
178,souillac,FR,45.6,-0.6,0,76,57.2,9.17,1538019000,57.2
179,carnarvon,ZA,-30.97,22.13,0,70,34.62,3.06,1538019839,34.62
180,pisco,PE,-13.71,-76.2,90,77,64.4,12.75,1538017200,64.4
181,melfort,CA,52.87,-104.61,90,93,39.2,16.11,1538017560,39.2
182,nuevitas,CU,21.55,-77.27,88,94,77,5.82,1538016660,77.0
183,longyearbyen,NO,78.22,15.63,40,62,24.8,16.11,1538016600,24.8
184,umtata,ZA,-31.59,28.78,0,93,51.8,4.7,1538017200,51.8
185,bichena,ET,10.45,38.2,68,92,54.15,1.72,1538019852,54.15
186,cabadiangan,PH,10.45,123.98,90,94,78.8,12.75,1538017200,78.8
187,san patricio,PY,-26.98,-56.83,100,95,69.18,4.18,1538019857,69.18
188,barguzin,RU,53.62,109.63,92,95,39.39,2.84,1538019859,39.39
189,saint-philippe,CA,45.36,-73.48,40,67,60.26,10.29,1538018100,55.4
190,mitsamiouli,KM,-11.38,43.28,20,69,77,3.36,1538017200,77.0
191,japura,ID,-0.42,102.29,8,71,85.02,2.95,1538019866,85.02
193,vila franca do campo,PT,37.72,-25.43,40,83,73.4,19.46,1538019000,73.4
194,whitecourt,CA,54.14,-115.68,90,93,42.8,8.05,1538017200,42.8
195,klyuchi,RU,52.25,79.17,0,79,60.45,4.52,1538019875,60.45
196,isla mujeres,MX,21.23,-86.73,75,88,82.4,8.05,1538016480,82.4
197,dingli,MT,35.86,14.38,20,45,68,19.46,1538018100,68.0
198,mar del plata,AR,-46.43,-67.52,64,87,42.18,11.45,1538019881,42.18
199,namatanai,PG,-3.66,152.44,80,94,84.84,14.36,1538019883,84.84
200,sola,NO,58.89,5.65,75,81,51.8,8.05,1538018400,51.8
201,potiskum,NG,11.71,11.08,8,90,70.53,8.55,1538019888,70.53
202,thompson,CA,55.74,-97.86,75,86,33.8,2.24,1538017200,33.8
203,mizan teferi,ET,6.99,35.58,48,92,59.55,2.95,1538019892,59.55
205,isangel,VU,-19.55,169.27,92,100,68.46,21.63,1538019897,68.46
206,biak,ID,-0.91,122.88,56,82,81.87,7.87,1538019899,81.87
207,portlethen,GB,57.05,-2.13,0,71,57.2,10.29,1538018400,57.2
208,tamandare,BR,-8.28,-70.75,12,93,76.83,2.62,1538019903,76.83
209,grand gaube,MU,-20.01,57.66,40,73,73.4,10.29,1538017200,73.4
210,qinhuangdao,CN,39.94,119.59,0,52,70.8,5.41,1538019908,70.8
211,tarko-sale,RU,64.92,77.78,92,67,58.11,13.8,1538019910,58.11
212,kingsport,US,36.55,-82.56,92,93,67.46,2.39,1538018100,64.4
213,koslan,RU,63.46,48.9,92,91,41.28,12.24,1538019915,41.28
214,guerrero negro,MX,27.97,-114.04,0,78,70.98,8.99,1538019917,70.98
215,bernay,FR,49.09,0.6,0,66,50,2.24,1538019000,42.8
216,provideniya,RU,64.42,-173.23,75,71,50,11.18,1538017200,50.0
217,vaitape,PF,-16.52,-151.75,32,100,78.27,14.81,1538019923,78.27
218,tecoanapa,MX,16.99,-99.26,40,74,84.2,0.94,1538016420,84.2
219,tessalit,ML,20.2,1.01,68,25,76.02,1.5,1538019928,76.02
221,magadan,RU,59.56,150.8,20,55,60.8,4.47,1538017200,60.8
223,iskateley,RU,67.68,53.15,68,100,37.41,18.72,1538019937,37.41
224,flinders,AU,-34.58,150.85,0,45,68,11.41,1538017200,68.0
225,victor harbor,AU,-35.55,138.62,40,55,60.8,8.05,1538019000,60.8
226,teluknaga,ID,-6.1,106.64,40,58,87.8,3.36,1538019000,87.8
227,vilhena,BR,-12.74,-60.15,12,90,73.95,1.95,1538019652,73.95
228,algiers,US,29.94,-90.04,90,100,78.08,2.39,1538018100,75.2
229,pimentel,BR,-3.7,-45.5,24,87,76.02,5.75,1538019950,76.02
230,esperance,TT,10.24,-61.45,20,94,78.8,3.74,1538017200,78.8
231,blacksburg,US,37.23,-80.41,40,96,71.06,2.73,1538018100,65.3
232,montepuez,MZ,-13.13,39,36,93,62.61,4.85,1538019956,62.61
233,turukhansk,RU,65.8,87.96,92,94,44.88,16.37,1538019959,44.88
234,mana,RS,43.52,20.24,0,100,32,1.12,1538019000,28.4
235,vrangel,RU,42.73,133.08,12,100,62.88,7.99,1538019963,62.88
236,kirkwood,ZA,-33.4,25.44,0,87,55.4,3.36,1538017200,55.4
237,gambiran,ID,-7.93,111.77,0,45,86.01,4.07,1538019968,86.01
238,zhanaozen,KZ,43.35,52.85,0,86,57.21,11.56,1538019970,57.21
239,talkha,EG,31.05,31.37,0,89,63.51,3.18,1538019973,63.51
240,mount gambier,AU,-37.83,140.78,48,83,59.28,6.76,1538019966,59.28
241,lodja,CD,-3.52,23.6,8,84,72.15,2.84,1538019977,72.15
242,ilulissat,GL,69.22,-51.1,56,59,33.8,17.22,1538016600,33.8
243,geraldton,CA,49.72,-86.95,20,93,37.4,5.82,1538017200,37.4
244,constitucion,MX,23.99,-104.67,90,68,66.2,4.7,1538016540,66.2
245,umm lajj,SA,25.02,37.27,0,97,78.72,7.09,1538019986,78.72
246,grindavik,IS,63.84,-22.43,75,86,39.2,5.82,1538017200,37.4
247,naze,NG,5.43,7.07,68,99,71.34,3.18,1538019990,71.34
249,luau,CD,-10.7,22.23,44,76,67.02,2.17,1538019995,67.02
250,muhos,FI,64.81,26,92,81,42.8,17.22,1538018400,42.8
251,yellowknife,CA,62.45,-114.38,90,54,28.4,14.99,1538017200,28.4
252,awbari,LY,26.59,12.77,0,55,72.6,8.66,1538020001,72.6
253,talnakh,RU,69.49,88.39,100,93,43.35,20.96,1538020004,43.35
254,arraial do cabo,BR,-22.97,-42.02,0,86,74.31,24.32,1538020006,74.31
255,kasongo-lunda,CD,-6.48,16.82,44,95,68.01,2.17,1538020008,68.01
256,torbay,CA,47.66,-52.73,90,87,48.2,14.99,1538017200,48.2
258,guayaramerin,BO,-10.82,-65.36,0,78,79.62,2.39,1538020015,79.62
259,ponta do sol,BR,-20.63,-46,92,41,76.65,7.65,1538020017,76.65
261,imeni poliny osipenko,RU,52.42,136.49,0,57,59.64,5.41,1538020021,59.64
262,high prairie,CA,55.43,-116.48,88,71,45.15,4.29,1538020023,45.15
263,sorland,NO,67.67,12.69,75,69,39.2,14.99,1538018400,39.2
264,bawku,GH,11.06,-0.24,12,95,73.32,5.08,1538020028,73.32
265,galle,US,29.74,-97.91,90,73,73.4,8.05,1538018400,71.96
266,lyaskelya,RU,61.77,31.02,88,91,43.89,18.28,1538020032,43.89
267,honiara,SB,-9.43,159.96,40,66,86,4.7,1538017200,86.0
268,ponta pora,BR,-22.54,-55.73,32,89,71.88,5.75,1538020037,71.88
269,meulaboh,ID,4.14,96.13,0,100,82.23,3.29,1538020039,82.23
272,porto novo,BR,-23.68,-45.44,0,94,68,3.36,1538017200,68.0
273,hakui,JP,36.89,136.78,75,64,71.6,3.36,1538017200,66.2
274,manggar,ID,-2.88,108.27,0,66,89.34,10.33,1538020050,89.34
275,sistranda,NO,63.73,8.83,75,75,46.4,24.16,1538016600,46.4
276,burnie,AU,-41.05,145.91,0,92,56.04,17.6,1538020054,56.04
277,vardo,US,39.62,-77.74,1,73,69.98,6.93,1538018100,62.06
278,skjervoy,NO,70.03,20.97,80,100,41.46,16.71,1538020059,41.46
279,kumba,CM,4.64,9.44,20,100,64.59,1.28,1538020061,64.59
280,eyl,SO,7.98,49.82,0,91,75.57,16.04,1538020063,75.57
281,filadelfia,PY,-22.35,-60.04,80,98,70.71,10.56,1538020066,70.71
282,sitka,US,37.17,-99.65,0,61,52.71,8.66,1538020068,52.71
283,ribeira grande,PT,38.52,-28.7,68,95,75.03,23.64,1538020070,75.03
284,paithan,IN,19.48,75.39,40,74,80.6,4.18,1538017200,80.6
285,miraflores,CO,5.2,-73.14,88,96,54.69,1.28,1538020075,54.69
287,zarubino,RU,42.65,131.06,0,89,64.95,2.62,1538020079,64.95
288,nantucket,US,41.28,-70.1,90,96,73.4,14.99,1538018100,69.08
289,san quintin,PH,17.54,120.52,20,70,86,6.93,1538017200,86.0
290,kawalu,ID,-7.38,108.21,0,38,81.15,3.06,1538020086,81.15
291,buin,CL,-33.73,-70.74,90,71,55.4,2.24,1538017200,55.4
292,gawler,AU,-34.6,138.75,40,55,60.8,8.05,1538019000,60.8
293,mozarlandia,BR,-14.74,-50.57,0,73,73.05,7.2,1538020092,73.05
294,bayevo,RU,53.27,80.77,8,79,59.73,4.29,1538020095,59.73
295,sompeta,IN,18.93,84.6,32,79,84.39,4.74,1538020097,84.39
296,malindi,KE,-3.22,40.12,92,100,73.95,13.69,1538020099,73.95
297,apollonia,GR,40.64,23.49,20,30,55.4,3.36,1538018400,55.4
299,maiduguri,NG,11.84,13.15,48,77,72.69,4.18,1538020106,72.69
300,calvinia,ZA,-31.47,19.78,0,77,33.54,1.95,1538020108,33.54
301,lamu,ID,0.57,122.3,8,68,84.21,3.96,1538020110,84.21
302,luanda,AO,-8.83,13.24,75,83,73.4,5.82,1538017200,73.4
303,bubaque,GW,11.28,-15.83,68,100,79.35,15.03,1538020115,79.35
304,nova olimpia,BR,-14.8,-57.29,8,89,76.29,2.95,1538020117,76.29
306,khasan,RU,42.43,130.64,0,89,64.95,2.62,1538020121,64.95
308,kaifeng,CN,34.8,114.35,0,49,73.4,4.47,1538017200,73.4
309,shenjiamen,CN,29.96,122.3,12,86,78.18,22.08,1538020128,78.18
310,mayumba,GA,-3.44,10.65,92,100,73.86,6.87,1538020130,73.86
311,san ignacio,CL,-36.8,-72.03,0,54,59,14.99,1538017200,59.0
312,ranfurly,CA,53.41,-111.68,88,49,49.83,15.03,1538020135,49.83
315,pakxe,LA,15.12,105.78,20,74,87.8,2.24,1538017200,87.8
316,pombas,BR,-15.9,-54.74,32,86,75.75,2.62,1538020143,75.75
317,quatre cocos,MU,-20.21,57.76,40,73,73.4,10.29,1538017200,73.4
318,beloha,MG,-25.17,45.06,0,81,57.93,2.95,1538020148,57.93
319,khani,GE,41.96,42.96,90,93,59,2.24,1538017200,59.0
320,shache,CN,38.42,77.24,48,33,57.66,7.43,1538020152,57.66
321,chapeco,BR,-27.1,-52.62,40,100,62.6,9.17,1538017200,62.6
322,codrington,AU,-28.95,153.24,0,71,71.88,3.62,1538020157,71.88
323,bontang,ID,0.12,117.47,0,84,86.37,7.65,1538020159,86.37
324,labuhan,ID,-2.54,115.51,0,54,89.07,3.74,1538020161,89.07
326,katsuura,JP,33.93,134.5,75,73,71.6,4.7,1538017200,71.6
327,aykhal,RU,65.95,111.51,92,86,35.79,5.86,1538020168,35.79
328,warri,NG,5.52,5.75,92,100,74.22,4.41,1538020170,74.22
329,san cristobal,EC,-0.39,-78.55,75,87,51.8,4.7,1538017200,51.8
330,cayenne,GF,4.94,-52.33,0,100,75.2,1.12,1538017200,75.2
331,kidal,ML,18.44,1.41,8,31,70.71,1.83,1538020177,70.71
332,pangody,RU,65.85,74.49,56,79,54.06,13.24,1538020179,54.06
333,nome,US,30.04,-94.42,40,91,77,3.36,1538018100,73.94
334,bilibino,RU,68.06,166.44,68,70,41.28,5.75,1538020184,41.28
335,altamira,BR,-3.2,-52.21,32,87,78.81,6.08,1538020186,78.81
336,sterlibashevo,RU,53.44,55.26,92,98,46.95,5.86,1538020188,46.95
337,grand-santi,GF,4.27,-54.38,32,92,76.83,3.4,1538020190,76.83
338,nyurba,RU,63.29,118.35,24,60,51.54,3.74,1538020193,51.54
339,coihaique,CL,-45.58,-72.07,0,98,46.4,4.7,1538017200,41.0
340,tura,IN,25.52,90.21,68,95,77.55,2.51,1538020197,77.55
341,santa maria,BR,-29.69,-53.81,40,94,68,3.36,1538017200,68.0
342,chokurdakh,RU,70.62,147.9,92,95,36.87,16.71,1538020203,36.87
343,klaksvik,FO,62.23,-6.59,92,100,42.8,9.17,1538018400,42.8
344,tulum,MX,20.21,-87.46,40,94,78.8,4.7,1538016060,78.8
345,salina,US,36.29,-95.15,1,87,55.4,5.53,1538018100,50.0
347,cabedelo,BR,-6.97,-34.84,40,88,73.4,8.05,1538017200,73.4
348,padang,ID,-0.92,100.36,12,100,81.78,1.83,1538020216,81.78
349,rio gallegos,AR,-51.62,-69.22,20,80,39.2,9.17,1538017200,39.2
350,dubbo,AU,-32.25,148.6,0,17,75.2,5.82,1538019000,75.2
351,balkhash,KZ,46.84,74.98,0,97,55.5,18.16,1538020223,55.5
353,pangnirtung,CA,66.15,-65.72,0,82,25.44,7.2,1538020227,25.44
354,naryan-mar,RU,67.67,53.09,88,99,38.49,19.62,1538020230,38.49
355,hervey bay,AU,-25.3,152.85,0,82,72.78,9.1,1538020232,72.78
357,temnikov,RU,54.63,43.21,88,71,39.93,12.8,1538020236,39.93
358,ordzhonikidze,UA,44.96,35.36,32,100,52.98,11.23,1538020238,52.98
359,miragoane,HT,18.44,-73.09,68,100,81.69,3.06,1538020241,81.69
361,itarema,BR,-2.92,-39.92,0,84,76.65,15.14,1538020245,76.65
362,port moresby,PG,-9.47,147.16,40,62,84.2,21.92,1538017200,84.2
363,villa carlos paz,AR,-31.42,-64.5,90,93,60.8,8.05,1538017200,60.8
364,tigil,RU,57.8,158.67,48,62,50.55,9.66,1538020252,50.55
365,ponta delgada,PT,37.73,-25.67,40,83,73.4,19.46,1538019000,73.4
367,lewistown,US,40.39,-90.15,1,95,53.96,4.74,1538019300,44.96
368,gat,SN,14.69,-16.54,40,94,78.8,2.24,1538017200,78.8
369,tyukhtet,RU,56.54,89.31,92,99,55.41,7.99,1538020263,55.41
370,rize,TR,41.02,40.52,75,72,60.8,13.87,1538018400,60.8
371,lodwar,KE,3.12,35.6,0,75,69.18,4.52,1538020267,69.18
372,san buenaventura,MX,27.06,-101.55,92,98,67.38,5.41,1538020270,67.38
373,ibatiba,BR,-20.23,-41.51,0,85,60.9,5.86,1538020272,60.9
374,woensdrecht,NL,51.43,4.3,0,93,51.8,4.7,1538018700,42.8
375,saint-pierre,FR,48.95,4.24,0,87,46.4,4.7,1538019000,44.6
376,boende,CD,-0.28,20.88,56,100,69.45,2.39,1538020279,69.45
377,smithers,CA,54.78,-127.17,90,100,50,4.7,1538017200,50.0
378,dourbali,TD,11.81,15.86,20,90,71.61,2.62,1538020283,71.61
379,laguna,MX,27.52,-110.01,0,52,84.03,3.62,1538020286,84.03
380,medea,DZ,36.27,2.77,20,88,64.4,2.24,1538019000,64.4
381,maroantsetra,MG,-15.43,49.74,88,100,66.84,3.96,1538020290,66.84
382,mokolo,CM,10.74,13.8,56,79,70.26,2.95,1538020292,70.26
383,benalla,AU,-36.55,145.99,0,35,69.8,9.17,1538017200,69.8
384,nampula,MZ,-15.12,39.26,75,94,68,9.17,1538017200,68.0
386,smidovich,RU,48.6,133.81,0,61,62.16,3.85,1538020301,62.16
387,valdivia,CL,-39.81,-73.25,20,100,48.2,3.36,1538017200,48.2
388,mikumi,TZ,-7.4,36.98,48,97,61.62,2.95,1538020306,61.62
389,ellenabad,IN,29.45,74.66,0,53,85.38,4.85,1538020308,85.38
390,bagdarin,RU,54.44,113.59,92,99,40.2,1.61,1538020310,40.2
391,killybegs,IE,54.63,-8.45,64,100,54.24,17.05,1538020312,54.24
392,tromso,NO,69.65,18.96,75,74,37.4,4.7,1538016600,37.4
393,zaraza,VE,9.35,-65.33,8,83,79.26,10.89,1538020317,79.26
394,kungurtug,RU,50.6,97.53,92,93,34.26,6.08,1538020319,34.26
395,lata,IN,30.78,78.62,0,74,59.46,2.06,1538020322,59.46
397,voitsberg,AT,47.05,15.15,20,93,37.4,1.12,1538018400,35.6
399,lake charles,US,30.23,-93.22,90,97,75.02,4.7,1538018100,70.88
400,xihe,CN,34.02,105.29,92,94,47.58,5.64,1538020333,47.58
402,lengshuitan,CN,26.41,111.6,92,100,63.33,7.65,1538020337,63.33
403,port hedland,AU,-20.31,118.58,0,20,95,13.87,1538019000,95.0
404,varzea da palma,BR,-17.6,-44.73,0,43,74.4,11.23,1538020341,74.4
405,ancud,CL,-41.87,-73.83,88,98,45.69,5.97,1538020344,45.69
406,nouadhibou,MR,20.93,-17.03,12,42,84.2,17.22,1538017200,84.2
407,dhidhdhoo,MV,6.88,73.1,80,100,78.72,7.99,1538020348,78.72
408,kununurra,AU,-15.77,128.74,0,34,93.2,6.93,1538019000,93.2
409,lubyany,RU,56.04,51.4,40,93,37.4,11.18,1538017200,37.4
410,virginia beach,US,36.85,-75.98,40,90,78.98,4.7,1538018100,71.96
411,dingle,PH,11,122.67,32,69,85.83,12.46,1538020357,85.83
412,slave lake,CA,55.28,-114.77,90,93,42.8,5.82,1538017200,42.8
413,villa rica,PE,-10.74,-75.27,8,92,68.19,0.94,1538020361,68.19
414,muroto,JP,33.37,134.14,75,69,73.4,5.82,1538017200,73.4
415,gizo,IL,31.8,34.94,20,83,75.2,3.36,1538018400,71.6
416,san juan,PH,14.6,121.03,20,79,87.8,9.17,1538017200,87.8
417,faya,SA,18.39,42.45,0,29,66.2,5.64,1538017200,62.6
418,hofn,IS,64.25,-15.21,12,100,40.92,8.66,1538020373,40.92
419,warah,YE,13.4,44.12,0,80,57.93,1.72,1538020376,57.93
420,armidale,AU,-30.51,151.67,76,97,54.51,2.62,1538020378,54.51
421,guarulhos,BR,-23.44,-46.52,64,88,69.8,3.36,1538017200,69.8
422,severo-yeniseyskiy,RU,60.37,93.04,48,76,43.35,3.18,1538020369,43.35
423,monterey,US,36.6,-121.89,90,96,57.2,2.62,1538019300,55.04
424,kysyl-syr,RU,63.9,122.77,80,62,48.93,3.18,1538020387,48.93
425,tsiroanomandidy,MG,-18.77,46.05,44,75,56.31,1.72,1538020389,56.31
426,mpanda,TZ,-6.34,31.07,0,42,72.96,10.67,1538020391,72.96
427,stefan cel mare,RO,46.98,26.52,0,75,32,2.39,1538019000,32.0
428,aklavik,CA,68.22,-135.01,20,79,28.4,4.7,1538017200,28.4
429,saldanha,PT,41.42,-6.55,24,89,55.95,2.17,1538020398,55.95
430,salalah,OM,17.01,54.1,20,73,73.4,6.93,1538016600,73.4
431,alenquer,BR,-1.95,-54.74,0,100,77,2.24,1538017200,77.0
432,marfino,RU,56.07,37.56,75,93,41,20.13,1538017200,41.0
433,cururupu,BR,-1.82,-44.87,20,82,78.36,8.88,1538020407,78.36
434,doha,QA,25.29,51.53,20,74,87.8,5.82,1538017200,87.8
435,ashqelon,IL,31.67,34.57,20,83,75.2,3.36,1538018400,71.6
436,kampong thum,KH,12.71,104.89,24,81,87.45,3.85,1538020413,87.45
438,lorengau,PG,-2.02,147.27,12,100,83.4,4.97,1538020409,83.4
439,evinayong,GQ,1.44,10.55,92,98,68.1,2.17,1538020420,68.1
440,contai,IN,21.78,87.75,20,99,84.66,13.8,1538020422,84.66
441,maputo,MZ,-25.97,32.57,40,72,68,11.41,1538017200,68.0
442,bowling green,US,36.99,-86.44,1,78,66.92,4.7,1538019300,64.04
443,bairnsdale,AU,-37.83,147.63,24,65,67.38,3.85,1538020429,67.38
444,tecpan,GT,14.76,-90.99,75,82,66.2,13.87,1538017200,66.2
445,mount isa,AU,-20.73,139.49,40,14,93.2,4.7,1538019000,93.2
446,mubi,NG,10.27,13.26,20,95,66.57,2.95,1538020435,66.57
447,yulara,AU,-25.24,130.99,0,6,91.4,12.75,1538017200,91.4
448,divnomorskoye,RU,44.5,38.13,0,93,53.16,11.45,1538020440,53.16
449,pinega,RU,64.7,43.39,92,97,41.64,11.01,1538020442,41.64
450,vostok,RU,46.45,135.83,56,69,55.41,2.95,1538020362,55.41
451,benguela,AO,-12.58,13.4,36,100,69.45,3.96,1538020446,69.45
452,yeppoon,AU,-23.13,150.74,40,33,86,6.93,1538019000,86.0
453,luderitz,NA,-26.65,15.16,0,90,51.63,12.57,1538020427,51.63
454,mecca,SA,21.43,39.83,0,68,68.73,2.39,1538020187,68.73
455,buenos aires,AR,-34.61,-58.44,90,77,62.6,10.29,1538017200,59.0
456,ler,NO,63.2,10.3,40,81,46.4,21.92,1538018400,44.6
457,leningradskiy,RU,69.38,178.42,56,95,40.92,15.82,1538020460,40.92
458,callaguip,PH,18.07,120.49,20,70,86,6.93,1538017200,86.0
459,mineros,BO,-17.12,-63.23,75,74,78.8,5.82,1538017200,78.8
460,henties bay,NA,-22.12,14.28,0,100,51.45,1.95,1538020467,51.45
461,zhezkazgan,KZ,47.8,67.71,0,62,51.8,11.18,1538017200,51.8
463,tocopilla,CL,-22.09,-70.2,20,100,55.68,4.52,1538020474,55.68
464,nadapuram,IN,11.7,75.65,20,89,75.66,3.18,1538020476,75.66
465,miles city,US,46.41,-105.84,40,50,55.94,5.82,1538016780,55.94
466,ishigaki,JP,24.34,124.16,75,94,82.4,19.46,1538017920,82.4
467,marystown,CA,47.17,-55.16,88,85,55.32,21.52,1538020483,55.32
468,port hardy,CA,50.7,-127.42,40,67,57.2,2.24,1538017200,57.2
469,morant bay,JM,17.88,-76.41,20,83,82.4,5.82,1538017200,82.4
470,nelson bay,AU,-32.72,152.14,40,68,64.4,9.17,1538019000,64.4
471,mizdah,LY,31.45,12.98,88,90,66.21,8.77,1538020491,66.21
472,baft,IR,29.23,56.61,0,54,36.24,2.28,1538020494,36.24
473,deputatskiy,RU,69.3,139.9,76,81,27.78,4.07,1538020454,27.78
474,san fernando,CL,-34.58,-70.99,92,76,55.4,10.29,1538017200,55.4
475,amapa,HN,15.09,-87.97,75,94,78.8,4.7,1538017200,78.8
476,mandali,IQ,33.75,45.55,0,35,70.26,2.62,1538020503,70.26
477,gornopravdinsk,RU,60.06,69.92,80,62,58.83,7.99,1538020505,58.83
478,port macquarie,AU,-31.43,152.91,40,55,66.2,11.41,1538017200,66.2
479,verkhnevilyuysk,RU,63.45,120.31,56,62,51,1.05,1538020510,51.0
480,taoudenni,ML,22.68,-3.98,48,28,81.6,6.76,1538020512,81.6
481,preobrazheniye,RU,42.9,133.91,68,62,59.19,2.17,1538020514,59.19
482,saint-francois,FR,46.42,3.91,0,87,46.4,2.24,1538019000,46.4
483,salym,RU,60.06,71.48,68,59,58.11,8.66,1538020518,58.11
484,shingu,JP,33.72,135.99,75,82,68,4.7,1538017200,68.0
485,christchurch,NZ,-43.53,172.64,0,35,55.4,8.05,1538019000,55.4
486,machiques,VE,10.06,-72.55,68,83,70.89,5.97,1538020525,70.89
487,lebedinyy,RU,58.52,125.52,0,58,56.31,7.76,1538020527,56.31
488,coahuayana,MX,18.62,-100.35,8,92,65.13,2.39,1538020529,65.13
489,acari,BR,-6.44,-36.64,0,84,68.01,12.12,1538020532,68.01
490,byron bay,AU,-28.65,153.62,90,64,69.8,13.87,1538019000,69.8
491,fairbanks,US,64.84,-147.72,20,81,48.92,3.06,1538018760,42.8
492,namibe,AO,-15.19,12.15,12,100,65.13,7.31,1538020538,65.13
493,dicabisagan,PH,17.08,122.42,0,83,87.18,4.52,1538020541,87.18
494,sagar,IN,23.84,78.75,0,66,80.34,6.08,1538020543,80.34
496,port keats,AU,-14.25,129.55,0,61,90.51,7.09,1538020540,90.51
497,olga,US,34.11,-118.17,75,78,81.86,3.36,1538017920,66.02
501,saint peter,US,44.32,-93.96,1,58,53.6,9.17,1538018100,51.8
503,rafaela,AR,-31.25,-61.49,92,94,65.67,5.19,1538020562,65.67
504,aksu,KZ,52.04,76.93,0,82,57.2,2.95,1538017200,57.2
505,chifeng,CN,42.27,118.96,44,51,63.06,10.78,1538020567,63.06
506,sobolevo,RU,54.43,31.9,92,93,45.96,29.12,1538020569,45.96
507,tezu,IN,27.93,96.16,92,96,67.38,1.28,1538020571,67.38
508,ostrovnoy,RU,68.05,39.51,92,97,39.57,9.78,1538020574,39.57
509,omachi,JP,36.5,137.85,75,82,71.6,5.82,1538017200,62.6
510,san cataldo,IT,37.49,13.99,0,90,60.72,13.58,1538020578,60.72
511,nuuk,GL,64.17,-51.74,92,74,37.4,4.7,1538016600,37.4
512,abaete,BR,-19.16,-45.45,0,42,70.35,9.33,1538020582,70.35
513,okhotsk,RU,59.36,143.24,64,84,49.65,2.95,1538020585,49.65
514,talara,PE,-4.58,-81.27,32,83,68.19,5.64,1538020587,68.19
515,kyren,RU,51.68,102.13,32,76,36.15,2.39,1538020589,36.15
516,cravo norte,CO,6.3,-70.2,32,69,79.71,7.31,1538020591,79.71
517,goderich,CA,43.74,-81.71,32,86,53.79,7.76,1538020428,53.79
518,payakumbuh,ID,-0.23,100.63,44,83,79.71,3.29,1538020596,79.71
519,akhmim,EG,26.56,31.74,12,66,66.75,2.62,1538020598,66.75
520,semey,KZ,50.41,80.25,0,76,58.29,3.96,1538020600,58.29
521,magnolia,US,33.27,-93.24,90,77,70.16,7.31,1538019300,66.2
522,bulgan,MN,48.81,103.53,92,100,38.31,4.18,1538020605,38.31
523,narasannapeta,IN,18.42,84.04,48,84,82.59,3.96,1538020607,82.59
524,rantepao,ID,-2.97,119.9,44,67,79.62,3.18,1538020609,79.62
525,shu,KZ,43.6,73.76,88,43,57.03,6.31,1538020611,57.03
526,karratha,AU,-20.74,116.85,0,10,99.6,6.98,1538020614,99.6
527,daru,SL,7.99,-10.85,92,100,69.9,3.51,1538020548,69.9
528,muravlenko,RU,63.79,74.5,80,71,57.75,14.36,1538020618,57.75
529,mandalgovi,MN,45.76,106.27,8,66,43.44,27.67,1538020620,43.44
530,bandrele,YT,-12.91,45.19,75,74,78.8,14.99,1538019000,78.8
531,lipari,IT,38.47,14.95,40,39,64.4,8.05,1538016900,64.4
532,gladstone,AU,-23.84,151.26,0,58,78.99,7.2,1538020627,78.99
533,te anau,NZ,-45.41,167.72,76,74,46.41,3.96,1538020600,46.41
534,komsomolskiy,RU,67.55,63.78,92,100,41.37,12.46,1538020631,41.37
535,plettenberg bay,ZA,-34.05,23.37,64,100,59.91,2.84,1538020634,59.91
536,qaqortoq,GL,60.72,-46.03,92,59,37.4,5.82,1538016600,37.4
537,belmonte,PT,40.36,-7.35,0,72,64.05,6.98,1538020638,64.05
538,balakhninskiy,RU,58.01,114.28,92,100,36.96,3.06,1538020640,36.96
539,ladson,US,32.99,-80.11,1,94,80.6,5.86,1538019300,68.0
541,agropoli,IT,40.35,15,8,100,64.95,14.03,1538020647,64.95
542,beyneu,KZ,45.32,55.19,44,51,58.11,5.75,1538020649,58.11
543,pavilosta,LV,56.89,21.19,0,76,57.2,14.99,1538018400,57.2
544,williston,US,48.15,-103.62,90,40,59,20.8,1538018100,53.6
545,chara,GR,39.42,22.43,75,38,60.8,13.87,1538018400,60.8
546,karera,IN,25.46,78.13,0,55,81.78,6.76,1538020658,81.78
547,cedar rapids,US,41.98,-91.67,1,85,51.08,3.36,1538020500,44.6
548,tilichiki,RU,60.47,166.1,92,96,40.56,11.68,1538020663,40.56
549,vila velha,BR,-3.71,-38.6,75,74,80.6,18.34,1538017200,80.6
550,aden,YE,12.79,45.03,0,100,81.96,9.89,1538020667,81.96
551,lerwick,GB,60.15,-1.15,92,81,48.2,13.87,1538018400,48.2
552,kutum,SD,14.2,24.66,80,53,72.69,5.41,1538020671,72.69
553,qeshm,IR,26.96,56.27,0,79,86,4.7,1538019000,82.4
555,lasa,CY,34.92,32.53,0,82,69.8,6.93,1538017200,68.0
556,camargo,MX,27.69,-105.17,100,27,83.04,8.88,1538020680,83.04
557,acajutla,SV,13.59,-89.83,92,100,72.24,4.29,1538020406,72.24
558,pajapan,MX,18.26,-94.69,76,98,75.75,7.2,1538020685,75.75
559,kindu,CD,-2.95,25.92,68,100,67.47,3.18,1538020687,67.47
560,tsabong,BW,-26.02,22.4,0,21,57.03,4.18,1538020689,57.03
561,lynn haven,US,30.25,-85.65,40,96,78.08,8.77,1538018880,75.02
562,xining,CN,36.62,101.77,36,94,47.13,3.06,1538020694,47.13
563,iracoubo,GF,5.48,-53.21,8,80,78.27,7.65,1538020696,78.27
564,ambanja,MG,-13.68,48.45,8,76,60.36,3.18,1538020698,60.36
565,pizarro,CO,4.95,-77.37,92,100,77.1,4.18,1538020700,77.1
566,sioux lookout,CA,50.1,-91.92,90,93,41,3.36,1538017200,39.2
568,calafell,ES,41.2,1.57,0,87,60.8,8.05,1538019000,57.2
569,phuket,TH,7.89,98.4,40,70,87.8,9.17,1538019000,86.0
570,cortez,US,37.35,-108.58,1,9,55.94,3.36,1538016780,55.94
571,havoysund,NO,71,24.66,75,75,41,19.46,1538018400,37.4
572,ambon,FR,47.55,-2.56,0,62,57.2,4.7,1538019000,57.2
573,coquimbo,CL,-29.95,-71.34,90,87,55.4,4.7,1538017200,55.4
574,tiznit,MA,29.7,-9.73,24,83,70.35,0.83,1538020720,70.35
575,taungdwingyi,MM,20,95.55,36,85,83.58,8.55,1538020723,83.58
576,lazaro cardenas,MX,28.39,-105.62,90,88,68,6.53,1538016120,68.0
577,mazurivka,UA,49.27,24.21,90,61,50,8.95,1538019000,44.6
578,berlevag,NO,70.86,29.09,75,86,41,27.51,1538016600,41.0
579,baykit,RU,61.68,96.39,88,93,42.18,7.99,1538020731,42.18
580,wanning,AT,48.64,13.53,0,86,39.2,1.12,1538018400,39.2
581,ngunguru,NZ,-35.62,174.5,88,93,59.37,9.44,1538020736,59.37
582,barcelos,PT,41.53,-8.62,0,93,64.4,2.06,1538019000,64.4
583,igrim,RU,63.19,64.42,0,60,51.9,8.1,1538020740,51.9
584,bjerringbro,DK,56.38,9.66,44,93,53.6,8.05,1538018400,53.6
585,esmeraldas,BR,-19.76,-44.31,0,60,71.6,9.17,1538020800,68.0
586,bud,NO,62.91,6.91,90,81,48.2,24.16,1538018400,44.6
587,ludza,LV,56.55,27.72,24,88,47.22,14.58,1538020749,47.22
588,coolum beach,AU,-26.53,153.09,12,69,74.67,3.85,1538020752,74.67
589,haileybury,CA,47.44,-79.64,75,93,42.8,8.05,1538017200,42.8
590,nioro,GM,13.79,-15.05,12,93,77.19,7.54,1538020756,77.19
592,misratah,LY,32.38,15.09,100,96,73.68,20.51,1538020760,73.68
593,sungairaya,ID,0.7,108.9,80,75,86.19,3.74,1538020763,86.19
594,puerto baquerizo moreno,EC,-0.9,-89.6,80,100,70.26,9.66,1538020765,70.26
595,la palma,CO,5.36,-74.39,80,100,66.21,0.6,1538020767,66.21
